<?xml version='1.0' encoding='utf-8'?>
<!DOCTYPE hibernate-configuration PUBLIC
        "-//Hibernate/Hibernate Configuration DTD//EN"
        "http://www.hibernate.org/dtd/hibernate-configuration-3.0.dtd">
<hibernate-configuration>
    <session-factory>
        <property name="connection.url">jdbc:h2:~/acortador</property>
        <property name="connection.driver_class">org.h2.Driver</property>
        <property name="connection.username">sa</property>
        <property name="connection.password"></property>
        <!-- SQL dialect -->
        <property name="hibernate.dialect">org.hibernate.dialect.H2Dialect</property>
        <property name="show_sql">true</property>
        <property name="hibernate.schema-generation.database.action">create</property><!-- creates schema from entities if not exists  -->
        <!-- <prop key="hibernate.hbm2ddl.auto">create</property> -->
        <property name="hbm2ddl.auto">update</property>
        <!--<property name="hibernate.hbm2ddl.import_files">acortador.sql</property> -->

        <mapping class="INF.ComentarioEntity"/>
        <mapping class="INF.UrlEntity"/>
        <mapping class="INF.AccesoEntity"/>
        <mapping class="INF.UsuarioEntity"/>
        <!-- <property name="connection.username"/> -->
        <!-- <property name="connection.password"/> -->

        <!-- DB schema will be updated if needed -->
        <!-- <property name="hibernate.hbm2ddl.auto">update</property> -->
    </session-factory>
</hibernate-configuration>